workload,policy,workers,total_jobs,total_simulation_time,avg_waiting,avg_turnaround,throughput,utilization_percent,starvation_risk_jobs,log_file
a,fifo,4,20,32,7.60,13.25,0.625,88.28,7,logs/a_fifo_4.txt
a,sjf,4,20,32,6.65,12.30,0.625,88.28,5,logs/a_sjf_4.txt
a,priority,4,20,31,7.45,13.10,0.645,91.13,7,logs/a_priority_4.txt
b,fifo,4,20,26,0.60,3.70,0.769,59.62,0,logs/b_fifo_4.txt
b,sjf,4,20,26,0.50,3.60,0.769,59.62,0,logs/b_sjf_4.txt
b,priority,4,20,26,0.70,3.80,0.769,59.62,0,logs/b_priority_4.txt
c,fifo,4,20,29,1.85,6.65,0.690,82.76,0,logs/c_fifo_4.txt
c,sjf,4,20,31,1.70,6.50,0.645,77.42,0,logs/c_sjf_4.txt
c,priority,4,20,29,1.80,6.60,0.690,82.76,1,logs/c_priority_4.txt
